{
	"metadata": {
		"version": 4.5,
		"type": "Object",
		"generator": "Object3D.toJSON"
	},
	"geometries": [
		{
			"uuid": "32AB77E6-A959-4BCF-8DFF-FF93DA97F9F5",
			"type": "BoxBufferGeometry",
			"width": 1,
			"height": 1,
			"depth": 1
		}],
	"materials": [
		{
			"uuid": "5C505F1D-CCD8-4E8D-AFA1-8BAA76BB8B3B",
			"type": "MeshStandardMaterial",
			"color": 16777215,
			"roughness": 0.5,
			"metalness": 0.5,
			"emissive": 16777088,
			"depthFunc": 3,
			"depthTest": true,
			"depthWrite": true,
			"skinning": false,
			"morphTargets": false,
			"dithering": false
		}],
	"object": {
		"uuid": "B22C69E3-E2D2-44B4-B48C-6AB9DC4CF39A",
		"type": "Mesh",
		"name": "Box 1",
		"matrix": [1,0,0,0,0,1,0,0,0,0,1,0,0,0.4902,0,1],
		"geometry": "32AB77E6-A959-4BCF-8DFF-FF93DA97F9F5",
		"material": "5C505F1D-CCD8-4E8D-AFA1-8BAA76BB8B3B"
	}
}