{
	"metadata": {
		"version": 4.5,
		"type": "Object",
		"generator": "Object3D.toJSON"
	},
	"geometries": [
		{
			"uuid": "B58CC092-7DE9-4884-A118-078ED212BE27",
			"type": "BoxBufferGeometry",
			"width": 1,
			"height": 1,
			"depth": 1
		}],
	"materials": [
		{
			"uuid": "66867885-074D-4206-8AF6-A9DA9C80B102",
			"type": "MeshBasicMaterial",
			"color": 16777215,
			"depthFunc": 3,
			"depthTest": true,
			"depthWrite": true,
			"skinning": false,
			"morphTargets": false,
			"dithering": false
		}],
	"object": {
		"uuid": "3A35E4A7-DB3A-41F5-ADBC-7CBB1F243A9A",
		"type": "Mesh",
		"name": "Building",
		"matrix": [15,0,0,0,0,6,0,0,0,0,10,0,0,0,0,1],
		"geometry": "B58CC092-7DE9-4884-A118-078ED212BE27",
		"material": "66867885-074D-4206-8AF6-A9DA9C80B102"
	}
}